[
  {
    "_id": "A-1",
    "description": "iMac",
    "category": "Computer",
    "brand": "Apple",
    "price": 3000,
    "stock": 10
  },
  {
    "_id": "MS-2",
    "description": "Surface",
    "category": "Computer",
    "brand": "Microsoft",
    "price": 1500,
    "stock": 20
  },
  {
    "_id": "HP-3",
    "description": "Hp Deskjet",
    "category": "Printer",
    "brand": "HP",
    "price": 500,
    "stock": 50
  },
  {
    "_id": "HP-4",
    "description": "Pavilion",
    "category": "Computer",
    "brand": "HP",
    "price": 1000,
    "stock": 20
  },
  {
    "_id": "C-5",
    "description": "Pixma",
    "category": "Printer",
    "brand": "Canon",
    "price": 200,
    "stock": 50
  },
  {
    "_id": "D-6",
    "description": "OptiPlex",
    "category": "Computer",
    "brand": "Dell",
    "price": 1000,
    "stock": 5
  }
]
